<?xml version="1.0" encoding="utf-8"?>
<extension
	type="module"
	version="2.5.5"
	method="upgrade"
	client="site">
	<name>Latest Extensions</name>
	<creationDate>April 2013</creationDate>
	<author>Tim Plummer</author>
	<authorEmail>example@packtpub.com</authorEmail>
	<authorUrl>http://packtpub.com</authorUrl>
	<copyright>Copyright (C) 2013 Packt Publishing. All rightsreserved.</copyright>
	<license>GNU GPL</license>
	<version>1.0.0</version>
	<description>Displays the most recently installedextensions.</description>
	<files>
		<filename module="mod_latestextensions">mod_latestextensions.php</filename>
		<filename>mod_latestextensions.xml</filename>
		<filename>helper.php</filename>
		<filename>index.html</filename>
		<folder>tmpl</folder>
	</files>
	<media destination="mod_latestextensions" folder="media">
		 <folder>mod_latestextensions</folder>
	</media>
	<config>
		<fields name="params">
			<fieldset name="basic">
				<field name="count" 
					type="text" 
					default="5" 
					label="Count" 
					description="The number of items to display (default is 5)" 
					/>
				</fieldset>
				<fieldset name="advanced">
					<field
						name="moduleclass_sfx"
						type="text"
						label="COM_MODULES_FIELD_MODULECLASS_SFX_LABEL"
						description="COM_MODULES_FIELD_MODULECLASS_SFX_DESC"
						/>
					</fieldset>
				</fields>
			</config>
		</extension>